A,B
controlling my partner's drinking,
being upset at someone who gives no regards to my personal opinions or property,
I don’t care about sports or anything related to sports and I love feeling superior because of that.,
trying to force my mom to deal with something she doesn't want,
"I feel superior to everyone else around me, and I feel like my life confirms this belief constantly.",
telling my old art teacher to shut the f**k up,
telling my estranged brother he has to go to a psychiatrist if he wants to be back in my life,
making my coworker stay late with me to clean up,
I Am A True Alpha Male,
not moving my car after lady threatened me to go see the cops,
I once stole someone's project and claimed it as my own.,
evicting my tenant when he complained about the noise my dog makes,
going to my coach to bench my teammate,
challenging the authority of my principal,
threatening to tell apartment management about roommate getting a dog without my permission,
My girlfriend's parents are forcing her to get plastic surgery.,
"I throw away my wife's sweets, because she's gotten fat.",
making my girlfriend show her texts with another boy,
Used my powers for evil,
forcing my gf to break up with me,
using my leadership position in my student organization to influence other students into attending a political event,
As a cop sometimes I seize money from homeless people because I know they will use that money for food or drugs,
I want to own someone.,
kinda blackmailing my teacher,
Attracted to women in power. I want to bang Carla Fiorina.,
insisting my wife stop seeing her best friend and their kids,
telling my husband I don't want his mother to visit us,
forcing my brother to do something else than Soccer,
asking him to stop making moves when I'm intoxicated,
forcing my pizza delivery person to walk up 4 flights of stairs to deliver my food by threatening to tip poorly,
I like to humilate and dom my boyfriend,
telling my friends to either leave their relationship problems at the door or not come over at all,
forcing my boyfriend to open his phone so I can snoop,
ghosting my husband,
trying to get past my parent's strict rules,
considering ending a 7 year relationship because he doesn't have his drivers license or a car and works in fast food,
"I voted for myself for teacher of the year, because I honestly feel like I deserve it over many others.",
disagreeing with my manager regarding my Job Title and duties,
not letting my 17 year old daughter go to a different state with her friends,
i want nothing more than power,
not giving a customer the password to our private employee wifi,
I punished a grown man in front of his family...,
calling someone out at the gym for not re-racking their weights,
asking a girl at a concert to sit down,
I'm proud of myself,
wanting to charge three girls for the night to sleep on our boat for Spring Break,
asking my roommate to limit the amount of times she brings her bf to our dorm,
not letting my BF use my computer,
forcing my Stepson to finish a level in a video,
"verbalizing exactly what I expect (plus boundaries, rules, etc) from a potential boyfriend/husband on the first date",
deleting my wife's facebook friends,
Power to Make a Choice Is Every Woman's Right,
arguing with my teacher,
not wanting to date someone due to our income disparity,
"After noticing a group of transgender freaks at the bowling alley this weekend, I decided to troll them and prove my superiority as a straight white male",
wanting a new engagement ring instead of a family heirloom,
Money is the most important thing a woman can have. Why? It eliminates the “need” for men since a man’s worth is money. Women have been forced to marry for survival. Some women stay in abusive relationships because they have no income of their own. A woman with money is a one with power and choices,
making someone come to me to get their watch back,
being mad at my girlfriend for wanting to do something else the weekend of my sisters wedding,
going after students in my university to join my faith-based organization,
being upset at giving up my parking spot,
"At the family barbecue last weekend, I established dominance over my family members-by making my wife fix me a plate of food",
not wanting my nephew's impediment to force me to leave early,
telling my hispanic girlfriend that our children should learn to speak English first,
locking my neighbor's bike after they effectively blocked mine from getting out,
disobeying house rules,
reporting a group of women for violating quiet hours,
wanting my wife to eat my vegetarian cooking,
forcing my boyfriend to eat,
They are going to be so proud of me.,
I force-kissed a girl,
forcing other bridesmaid to buy more expensive dress,
telling my boyfriend he should accept my decision and for wanting him to stay,
telling my Cousin's girlfriend she is no longer welcome in my home,
"My confession: I graduated from the police force 6 months ago, and I'm just dying to shoot someone's aggressive dog - even a mildly aggressive one.",
I went to my friend’s sleepover when I was 13 and basically forced my family to pick me up.,
I go through my friends phones and delete pictures of myself.,
asking my girlfriend to find a job before moving in together,
limiting my roommate's time with his partner in our apartment when I'm home,
picking up my girlfriend from behind and putting her in the car after she wouldn't leave the party,
forcing my brother to follow an established system,
moving my coworkers food,
making my Boyfriend quit smoking,
I enjoyed seeing my money compounding quickly.,
being angry at my dad's rule,
pushing my son to go to therapy when he has made it clear he doesn't want to,
telling my mom she can't babysit my child anymore,
wanting them to just follow the rules,
being mad at someone for not getting me food,
not shoveling the snow and telling my landlord it's his responsibility,
making my girlfriend go to therapy,
doing a group project on my own and making it known to the professor,
Sometimes i feel Superior but other times..,